PostID,Text
1,This is my new favorite Mango Coconut Matcha! #matchalatte #icedmatcha
2,This is my new favorite Matcha Cold Foam! #matcha #icedmatcha
3,Tried Strawberry Matcha Latte! #matcha #icedmatcha
4,Absolutely obsessed with Matcha Lemonade! #icedmatcha #matchalover
5,So refreshing! Iced Vanilla Matcha! #matchalover #matcha
6,Absolutely obsessed with Matcha Latte! #icedmatcha #matcha
7,Delicious and perfect for summer Matcha Latte! #matcha #matchareview
8,Tried Matcha Latte! #icedmatcha #matchalatte
9,Too sweet for me Matcha Lemonade! #matchalatte #matcha
10,Just had Matcha Cold Foam! #icedmatcha #matcha
11,Disappointed with Matcha Latte! #matcha #icedmatcha
12,So refreshing! Mango Coconut Matcha! #matchareview #matchalatte
13,Highly recommend Strawberry Matcha Latte! #matchareview #icedmatcha
14,Absolutely obsessed with Matcha Cold Foam! #matchalover #icedmatcha
15,Got the Mango Coconut Matcha! #matchareview #matchalatte
16,Absolutely obsessed with Mango Coconut Matcha! #matchalover #matchareview
17,This is my new favorite Strawberry Matcha Latte! #matchalover #icedmatcha
18,Absolutely obsessed with Strawberry Matcha Latte! #icedmatcha #matchareview
19,I love Iced Vanilla Matcha! #matchareview #matchalover
20,This is my new favorite Matcha Latte! #matchalatte #matchalover
21,So refreshing! Iced Vanilla Matcha! #icedmatcha #matchareview
22,Delicious and perfect for summer Iced Vanilla Matcha! #matchalatte #matchareview
23,Disappointed with Matcha Cold Foam! #matchalover #matchalatte
24,Delicious and perfect for summer Matcha Cold Foam! #matchareview #icedmatcha
25,This is my new favorite Iced Vanilla Matcha! #matchalatte #matchareview
26,So refreshing! Mango Coconut Matcha! #matcha #matchareview
27,Absolutely obsessed with Mango Coconut Matcha! #matcha #icedmatcha
28,Absolutely obsessed with Matcha Cold Foam! #matcha #matchalover
29,This is my new favorite Matcha Lemonade! #matchalover #matchalatte
30,This is my new favorite Iced Vanilla Matcha! #matcha #icedmatcha
31,I love Strawberry Matcha Latte! #icedmatcha #matchalatte
32,Highly recommend Strawberry Matcha Latte! #matchalatte #matcha
33,Not a fan of Matcha Cold Foam! #matcha #icedmatcha
34,Got the Mango Coconut Matcha! #matchalover #icedmatcha
35,Anyone else tried Honey Lavender Matcha! #matchareview #matchalatte
36,Not a fan of Mango Coconut Matcha! #matchalatte #matcha
37,Wouldn't recommend Strawberry Matcha Latte! #icedmatcha #matchareview
38,Absolutely obsessed with Strawberry Matcha Latte! #icedmatcha #matchalover
39,Disappointed with Matcha Lemonade! #matcha #matchalatte
40,Just had Iced Vanilla Matcha! #matchareview #matchalatte
41,Too sweet for me Strawberry Matcha Latte! #matchareview #icedmatcha
42,Delicious and perfect for summer Matcha Lemonade! #icedmatcha #matchalover
43,This didn’t work for me Matcha Latte! #icedmatcha #matcha
44,Absolutely obsessed with Matcha Lemonade! #matchareview #matchalover
45,I love Honey Lavender Matcha! #matcha #icedmatcha
46,Delicious and perfect for summer Matcha Cold Foam! #matchareview #icedmatcha
47,Too sweet for me Matcha Lemonade! #matcha #icedmatcha
48,Not a fan of Strawberry Matcha Latte! #matcha #matchalover
49,Not a fan of Matcha Lemonade! #icedmatcha #matcha
50,So refreshing! Matcha Lemonade! #icedmatcha #matchareview
51,Just had Iced Vanilla Matcha! #matchalover #matchalatte
52,Just had Honey Lavender Matcha! #matchareview #matcha
53,This is my new favorite Honey Lavender Matcha! #matchalatte #matchareview
54,Highly recommend Matcha Lemonade! #matchalatte #matchareview
55,Highly recommend Iced Vanilla Matcha! #icedmatcha #matchalatte
56,Anyone else tried Strawberry Matcha Latte! #matcha #icedmatcha
57,Highly recommend Strawberry Matcha Latte! #icedmatcha #matchalover
58,Delicious and perfect for summer Matcha Lemonade! #matchareview #icedmatcha
59,Absolutely obsessed with Matcha Latte! #matcha #matchalover
60,This is my new favorite Matcha Lemonade! #matchalover #matchalatte
61,This is my new favorite Matcha Latte! #matcha #matchalatte
62,This is my new favorite Matcha Lemonade! #matchalatte #icedmatcha
63,Got the Matcha Cold Foam! #matchalover #matcha
64,Anyone else tried Honey Lavender Matcha! #icedmatcha #matcha
65,Not a fan of Mango Coconut Matcha! #matchareview #matchalover
66,Disappointed with Strawberry Matcha Latte! #matchareview #icedmatcha
67,This didn’t work for me Matcha Lemonade! #matcha #matchalatte
68,This is my new favorite Mango Coconut Matcha! #matchalover #icedmatcha
69,Highly recommend Matcha Cold Foam! #icedmatcha #matchareview
70,Tried Strawberry Matcha Latte! #matchalover #matcha
71,Delicious and perfect for summer Mango Coconut Matcha! #matchalover #matcha
72,Absolutely obsessed with Matcha Cold Foam! #matchalatte #matchareview
73,Thinking about ordering Matcha Latte! #matcha #matchareview
74,Anyone else tried Matcha Lemonade! #icedmatcha #matchalatte
75,This is my new favorite Strawberry Matcha Latte! #matchareview #icedmatcha
76,Absolutely obsessed with Matcha Lemonade! #matcha #icedmatcha
77,Delicious and perfect for summer Matcha Lemonade! #matchalover #matchalatte
78,Highly recommend Matcha Cold Foam! #matchareview #matchalover
79,This is my new favorite Matcha Cold Foam! #icedmatcha #matchareview
80,This didn’t work for me Matcha Cold Foam! #icedmatcha #matcha
81,Not a fan of Honey Lavender Matcha! #icedmatcha #matchareview
82,Got the Honey Lavender Matcha! #matchareview #matchalatte
83,Just had Matcha Lemonade! #matchalover #matchareview
84,Absolutely obsessed with Matcha Cold Foam! #matchalatte #matchalover
85,So refreshing! Strawberry Matcha Latte! #matchalover #icedmatcha
86,Too sweet for me Honey Lavender Matcha! #matchalatte #icedmatcha
87,Absolutely obsessed with Iced Vanilla Matcha! #matchalover #matchalatte
88,This didn’t work for me Matcha Lemonade! #icedmatcha #matcha
89,Thinking about ordering Honey Lavender Matcha! #matcha #icedmatcha
90,Anyone else tried Strawberry Matcha Latte! #matchalatte #matchareview
91,Tried Matcha Lemonade! #matcha #matchalatte
92,I love Strawberry Matcha Latte! #matchalatte #matcha
93,So refreshing! Strawberry Matcha Latte! #matchalatte #matchareview
94,This is my new favorite Matcha Lemonade! #matcha #icedmatcha
95,I love Honey Lavender Matcha! #matcha #icedmatcha
96,Too sweet for me Iced Vanilla Matcha! #icedmatcha #matchalatte
97,Absolutely obsessed with Honey Lavender Matcha! #matchareview #icedmatcha
98,This is my new favorite Matcha Cold Foam! #matchalatte #matchalover
99,I love Strawberry Matcha Latte! #matcha #icedmatcha
100,Just had Strawberry Matcha Latte! #icedmatcha #matchalatte
101,This is my new favorite Strawberry Matcha Latte! #icedmatcha #matchalover
102,Highly recommend Honey Lavender Matcha! #icedmatcha #matchalover
103,Absolutely obsessed with Matcha Cold Foam! #matchalatte #matchalover
104,I love Iced Vanilla Matcha! #icedmatcha #matchareview
105,Highly recommend Matcha Cold Foam! #matcha #matchareview
106,This is my new favorite Matcha Cold Foam! #matcha #matchareview
107,This is my new favorite Iced Vanilla Matcha! #icedmatcha #matchalover
108,Tried Iced Vanilla Matcha! #icedmatcha #matchareview
109,Got the Matcha Lemonade! #matcha #matchareview
110,Delicious and perfect for summer Matcha Lemonade! #icedmatcha #matchareview
111,I love Matcha Lemonade! #matcha #matchareview
112,Highly recommend Strawberry Matcha Latte! #matchalover #matcha
113,Wouldn't recommend Honey Lavender Matcha! #matcha #icedmatcha
114,So refreshing! Honey Lavender Matcha! #matchalover #matchareview
115,So refreshing! Mango Coconut Matcha! #matchalover #matcha
116,Highly recommend Iced Vanilla Matcha! #icedmatcha #matchalatte
117,Tried Strawberry Matcha Latte! #matchareview #matchalatte
118,So refreshing! Matcha Latte! #icedmatcha #matcha
119,Too sweet for me Matcha Lemonade! #matcha #icedmatcha
120,Anyone else tried Iced Vanilla Matcha! #matchalatte #icedmatcha
121,Anyone else tried Matcha Latte! #matchalatte #matchalover
122,So refreshing! Honey Lavender Matcha! #matchareview #matchalover
123,Disappointed with Iced Vanilla Matcha! #matchalatte #icedmatcha
124,So refreshing! Matcha Cold Foam! #matchareview #matchalatte
125,Absolutely obsessed with Matcha Latte! #icedmatcha #matchalover
126,Anyone else tried Matcha Lemonade! #matcha #matchareview
127,Anyone else tried Mango Coconut Matcha! #icedmatcha #matchalover
128,Delicious and perfect for summer Matcha Lemonade! #matcha #matchalatte
129,Delicious and perfect for summer Strawberry Matcha Latte! #icedmatcha #matchalover
130,Got the Strawberry Matcha Latte! #icedmatcha #matchalover
131,So refreshing! Mango Coconut Matcha! #matcha #matchalover
132,Highly recommend Matcha Lemonade! #icedmatcha #matchareview
133,This is my new favorite Matcha Lemonade! #icedmatcha #matchalover
134,Absolutely obsessed with Strawberry Matcha Latte! #matchalover #matcha
135,Absolutely obsessed with Mango Coconut Matcha! #icedmatcha #matchalatte
136,I love Matcha Cold Foam! #matchareview #icedmatcha
137,Disappointed with Matcha Lemonade! #matcha #matchalatte
138,This is my new favorite Matcha Latte! #matchareview #matchalatte
139,Wouldn't recommend Honey Lavender Matcha! #matcha #matchareview
140,Absolutely obsessed with Strawberry Matcha Latte! #matchalover #icedmatcha
141,Highly recommend Iced Vanilla Matcha! #matchareview #icedmatcha
142,Disappointed with Matcha Cold Foam! #icedmatcha #matcha
143,So refreshing! Matcha Cold Foam! #matchalatte #matchareview
144,Highly recommend Mango Coconut Matcha! #matchalover #matcha
145,Thinking about ordering Iced Vanilla Matcha! #matchareview #matcha
146,Got the Matcha Latte! #matchalover #matchareview
147,Absolutely obsessed with Matcha Lemonade! #matchareview #matchalover
148,Disappointed with Mango Coconut Matcha! #matcha #matchalover
149,Thinking about ordering Strawberry Matcha Latte! #matchalover #matchareview
150,Wouldn't recommend Matcha Lemonade! #icedmatcha #matchareview
151,Absolutely obsessed with Matcha Latte! #icedmatcha #matchalover
152,Thinking about ordering Iced Vanilla Matcha! #matchareview #matchalatte
153,Thinking about ordering Matcha Lemonade! #matchareview #matcha
154,Absolutely obsessed with Matcha Cold Foam! #matchalatte #matcha
155,This is my new favorite Strawberry Matcha Latte! #matcha #matchalatte
156,Highly recommend Matcha Latte! #matchareview #icedmatcha
157,I love Honey Lavender Matcha! #matchareview #matchalatte
158,I love Matcha Latte! #matcha #icedmatcha
159,Anyone else tried Matcha Latte! #matchalover #matchalatte
160,This is my new favorite Honey Lavender Matcha! #matchalover #icedmatcha
161,Delicious and perfect for summer Matcha Lemonade! #matcha #icedmatcha
162,This is my new favorite Strawberry Matcha Latte! #matchareview #matchalover
163,Thinking about ordering Matcha Cold Foam! #matchareview #matchalover
164,This is my new favorite Matcha Latte! #matchareview #matcha
165,This is my new favorite Iced Vanilla Matcha! #icedmatcha #matchalatte
166,Absolutely obsessed with Strawberry Matcha Latte! #matcha #matchareview
167,Disappointed with Mango Coconut Matcha! #matchareview #icedmatcha
168,This is my new favorite Matcha Cold Foam! #matchalatte #icedmatcha
169,I love Matcha Latte! #matchalatte #matcha
170,So refreshing! Mango Coconut Matcha! #matcha #matchalover
171,So refreshing! Strawberry Matcha Latte! #icedmatcha #matchareview
172,Thinking about ordering Matcha Cold Foam! #matchalover #matchareview
173,I love Matcha Latte! #matcha #matchalatte
174,So refreshing! Mango Coconut Matcha! #matcha #matchalatte
175,This didn’t work for me Matcha Cold Foam! #matchalatte #icedmatcha
176,Too sweet for me Matcha Lemonade! #icedmatcha #matchareview
177,Delicious and perfect for summer Honey Lavender Matcha! #matchalatte #icedmatcha
178,Wouldn't recommend Strawberry Matcha Latte! #matcha #matchareview
179,Delicious and perfect for summer Iced Vanilla Matcha! #matchalatte #matchalover
180,This is my new favorite Strawberry Matcha Latte! #icedmatcha #matchalatte
181,Highly recommend Matcha Latte! #icedmatcha #matcha
182,Got the Iced Vanilla Matcha! #matcha #matchalatte
183,Got the Strawberry Matcha Latte! #icedmatcha #matchalatte
184,Disappointed with Honey Lavender Matcha! #matcha #matchalover
185,Delicious and perfect for summer Matcha Lemonade! #matchalover #matchalatte
186,Not a fan of Iced Vanilla Matcha! #matcha #icedmatcha
187,Highly recommend Matcha Lemonade! #matcha #icedmatcha
188,This is my new favorite Mango Coconut Matcha! #matchalover #matchalatte
189,Not a fan of Honey Lavender Matcha! #matcha #matchareview
190,I love Iced Vanilla Matcha! #matchareview #matchalover
191,Not a fan of Iced Vanilla Matcha! #matchareview #matcha
192,Anyone else tried Matcha Cold Foam! #matchareview #matchalatte
193,Absolutely obsessed with Iced Vanilla Matcha! #matcha #matchalatte
194,Wouldn't recommend Iced Vanilla Matcha! #matchalover #matcha
195,This didn’t work for me Strawberry Matcha Latte! #matchalover #icedmatcha
196,So refreshing! Matcha Lemonade! #matchalatte #icedmatcha
197,So refreshing! Matcha Lemonade! #icedmatcha #matchalover
198,This didn’t work for me Strawberry Matcha Latte! #matchalatte #icedmatcha
199,Delicious and perfect for summer Matcha Cold Foam! #matchalatte #matchalover
200,Absolutely obsessed with Iced Vanilla Matcha! #matchareview #matchalover
201,Just had Matcha Lemonade! #matchalover #matcha
202,Delicious and perfect for summer Matcha Lemonade! #matchareview #matchalover
203,This is my new favorite Matcha Lemonade! #icedmatcha #matcha
204,So refreshing! Strawberry Matcha Latte! #matchalover #matchareview
205,Too sweet for me Matcha Lemonade! #matchalatte #matchareview
206,Highly recommend Iced Vanilla Matcha! #matchalatte #matchareview
207,This didn’t work for me Matcha Cold Foam! #matchalover #icedmatcha
208,Highly recommend Iced Vanilla Matcha! #icedmatcha #matchalover
209,Thinking about ordering Matcha Latte! #matcha #matchareview
210,So refreshing! Iced Vanilla Matcha! #matchalatte #icedmatcha
211,Just had Strawberry Matcha Latte! #matchalover #matchareview
212,Got the Strawberry Matcha Latte! #matcha #icedmatcha
213,This is my new favorite Matcha Lemonade! #matcha #matchalatte
214,Tried Honey Lavender Matcha! #matcha #matchalover
215,Just had Matcha Latte! #matchalover #matchareview
216,This is my new favorite Honey Lavender Matcha! #icedmatcha #matchareview
217,Disappointed with Honey Lavender Matcha! #matchalatte #icedmatcha
218,So refreshing! Iced Vanilla Matcha! #matchareview #matchalatte
219,Wouldn't recommend Iced Vanilla Matcha! #matchareview #icedmatcha
220,Delicious and perfect for summer Mango Coconut Matcha! #matchalatte #icedmatcha
221,This is my new favorite Matcha Latte! #matcha #matchalatte
222,So refreshing! Matcha Latte! #matchalover #icedmatcha
223,Anyone else tried Strawberry Matcha Latte! #matchalatte #matcha
224,This didn’t work for me Honey Lavender Matcha! #matchalatte #matchareview
225,Just had Matcha Lemonade! #matcha #matchareview
226,Highly recommend Matcha Latte! #matchalatte #matchareview
227,Thinking about ordering Iced Vanilla Matcha! #matchalatte #matcha
228,This is my new favorite Matcha Cold Foam! #matchalover #icedmatcha
229,Highly recommend Matcha Latte! #matchalover #matchareview
230,Wouldn't recommend Mango Coconut Matcha! #matchalatte #matcha
231,Too sweet for me Matcha Cold Foam! #matchalover #icedmatcha
232,Too sweet for me Honey Lavender Matcha! #matchareview #icedmatcha
233,So refreshing! Matcha Cold Foam! #matchalover #matchareview
234,Tried Mango Coconut Matcha! #matchalover #matchalatte
235,This is my new favorite Matcha Latte! #matchalover #matchalatte
236,Got the Strawberry Matcha Latte! #matcha #matchareview
237,Thinking about ordering Honey Lavender Matcha! #matchareview #icedmatcha
238,Absolutely obsessed with Mango Coconut Matcha! #matchalover #icedmatcha
239,Not a fan of Strawberry Matcha Latte! #icedmatcha #matcha
240,I love Matcha Lemonade! #matchareview #matcha
241,Got the Honey Lavender Matcha! #matcha #matchareview
242,Absolutely obsessed with Matcha Latte! #matcha #matchareview
243,So refreshing! Honey Lavender Matcha! #icedmatcha #matcha
244,Not a fan of Honey Lavender Matcha! #matchareview #matchalover
245,This didn’t work for me Iced Vanilla Matcha! #icedmatcha #matchalatte
246,Just had Iced Vanilla Matcha! #matcha #icedmatcha
247,Too sweet for me Matcha Cold Foam! #icedmatcha #matchalatte
248,Absolutely obsessed with Mango Coconut Matcha! #matchalover #matchalatte
249,Just had Matcha Latte! #matchalover #matcha
250,Absolutely obsessed with Honey Lavender Matcha! #matchareview #matchalover
251,Highly recommend Matcha Latte! #icedmatcha #matchalover
252,Not a fan of Strawberry Matcha Latte! #matcha #icedmatcha
253,I love Matcha Cold Foam! #matchareview #matchalover
254,This is my new favorite Iced Vanilla Matcha! #matchalatte #matcha
255,I love Matcha Lemonade! #matchalatte #matchareview
256,Delicious and perfect for summer Matcha Lemonade! #matchalover #matchalatte
257,Too sweet for me Strawberry Matcha Latte! #matchalover #matchareview
258,This is my new favorite Matcha Latte! #matchalover #icedmatcha
259,Not a fan of Mango Coconut Matcha! #icedmatcha #matcha
260,This is my new favorite Matcha Cold Foam! #matchalatte #matchalover
261,Highly recommend Strawberry Matcha Latte! #matchalatte #matcha
262,This is my new favorite Strawberry Matcha Latte! #icedmatcha #matchalatte
263,I love Iced Vanilla Matcha! #matchareview #matcha
264,Got the Matcha Latte! #matchareview #matchalover
265,Tried Mango Coconut Matcha! #matcha #matchalover
266,Anyone else tried Honey Lavender Matcha! #matcha #icedmatcha
267,Highly recommend Honey Lavender Matcha! #icedmatcha #matchalatte
268,Just had Matcha Cold Foam! #matchalatte #icedmatcha
269,Too sweet for me Mango Coconut Matcha! #matcha #icedmatcha
270,I love Matcha Latte! #matchalover #matchareview
271,Just had Matcha Cold Foam! #matchalover #icedmatcha
272,Highly recommend Iced Vanilla Matcha! #matchalatte #icedmatcha
273,Got the Matcha Latte! #matcha #matchalatte
274,Absolutely obsessed with Mango Coconut Matcha! #matcha #icedmatcha
275,Delicious and perfect for summer Mango Coconut Matcha! #matchalover #icedmatcha
276,Absolutely obsessed with Matcha Latte! #matcha #matchalover
277,Tried Mango Coconut Matcha! #icedmatcha #matchareview
278,This is my new favorite Matcha Cold Foam! #matchalover #matchareview
279,This didn’t work for me Iced Vanilla Matcha! #matchalover #matcha
280,Delicious and perfect for summer Strawberry Matcha Latte! #matchalover #matchalatte
281,Tried Iced Vanilla Matcha! #matchareview #matcha
282,This is my new favorite Honey Lavender Matcha! #matchalatte #matchalover
283,Wouldn't recommend Strawberry Matcha Latte! #matchareview #icedmatcha
284,This is my new favorite Matcha Cold Foam! #matchareview #matchalover
285,I love Honey Lavender Matcha! #icedmatcha #matchalatte
286,So refreshing! Iced Vanilla Matcha! #matchalatte #matchareview
287,Too sweet for me Iced Vanilla Matcha! #matchareview #matchalover
288,Wouldn't recommend Iced Vanilla Matcha! #matcha #matchalatte
289,Highly recommend Iced Vanilla Matcha! #matchalover #matchareview
290,Got the Iced Vanilla Matcha! #matcha #matchareview
291,Wouldn't recommend Mango Coconut Matcha! #matcha #matchareview
292,Highly recommend Honey Lavender Matcha! #matchalover #matchareview
293,Highly recommend Matcha Cold Foam! #matchareview #matchalover
294,Highly recommend Matcha Lemonade! #icedmatcha #matchareview
295,So refreshing! Mango Coconut Matcha! #icedmatcha #matchalover
296,I love Strawberry Matcha Latte! #matcha #matchareview
297,Absolutely obsessed with Matcha Cold Foam! #matchalatte #icedmatcha
298,Got the Mango Coconut Matcha! #matchalover #matchareview
299,Delicious and perfect for summer Matcha Lemonade! #icedmatcha #matchalatte
300,Absolutely obsessed with Matcha Cold Foam! #matchareview #matchalover
301,This is my new favorite Mango Coconut Matcha! #matcha #matchalover
302,Just had Honey Lavender Matcha! #matchareview #icedmatcha
303,Highly recommend Matcha Cold Foam! #icedmatcha #matchareview
304,Anyone else tried Honey Lavender Matcha! #matcha #matchalatte
305,Absolutely obsessed with Matcha Cold Foam! #matchalover #matchalatte
306,Disappointed with Matcha Latte! #matchareview #matcha
307,Absolutely obsessed with Matcha Lemonade! #icedmatcha #matchalover
308,So refreshing! Strawberry Matcha Latte! #matchareview #icedmatcha
309,Delicious and perfect for summer Strawberry Matcha Latte! #matchalover #icedmatcha
310,Highly recommend Mango Coconut Matcha! #matchareview #matchalatte
311,I love Matcha Latte! #matchareview #matchalover
312,Highly recommend Mango Coconut Matcha! #matchareview #matcha
313,Absolutely obsessed with Mango Coconut Matcha! #icedmatcha #matchalatte
314,Got the Matcha Lemonade! #matchalatte #icedmatcha
315,Anyone else tried Matcha Cold Foam! #matchalover #matcha
316,Disappointed with Strawberry Matcha Latte! #matchalover #icedmatcha
317,Absolutely obsessed with Honey Lavender Matcha! #icedmatcha #matcha
318,Tried Matcha Cold Foam! #matchalover #matcha
319,So refreshing! Matcha Cold Foam! #icedmatcha #matchareview
320,Absolutely obsessed with Matcha Lemonade! #matcha #icedmatcha
321,Thinking about ordering Strawberry Matcha Latte! #matcha #matchareview
322,Not a fan of Mango Coconut Matcha! #icedmatcha #matchalatte
323,Delicious and perfect for summer Matcha Lemonade! #matchalatte #matchareview
324,Absolutely obsessed with Iced Vanilla Matcha! #matcha #matchareview
325,I love Iced Vanilla Matcha! #matchalover #matcha
326,Too sweet for me Iced Vanilla Matcha! #icedmatcha #matchalover
327,This didn’t work for me Iced Vanilla Matcha! #matcha #matchareview
328,This is my new favorite Strawberry Matcha Latte! #matchalatte #icedmatcha
329,I love Honey Lavender Matcha! #matchalover #matchalatte
330,Anyone else tried Matcha Latte! #matchareview #matchalover
331,Delicious and perfect for summer Honey Lavender Matcha! #icedmatcha #matchalover
332,Absolutely obsessed with Honey Lavender Matcha! #matchalover #matchalatte
333,Delicious and perfect for summer Mango Coconut Matcha! #icedmatcha #matchalatte
334,Highly recommend Strawberry Matcha Latte! #icedmatcha #matchareview
335,Wouldn't recommend Mango Coconut Matcha! #matcha #matchalatte
336,Delicious and perfect for summer Matcha Latte! #matcha #matchareview
337,So refreshing! Mango Coconut Matcha! #matchalatte #icedmatcha
338,So refreshing! Iced Vanilla Matcha! #matcha #matchalover
339,Absolutely obsessed with Honey Lavender Matcha! #matchalover #matchalatte
340,Just had Strawberry Matcha Latte! #matchareview #icedmatcha
341,Highly recommend Matcha Latte! #matchalover #matchareview
342,This is my new favorite Mango Coconut Matcha! #matcha #matchalatte
343,Highly recommend Matcha Lemonade! #icedmatcha #matchareview
344,I love Matcha Latte! #matchalatte #matcha
345,This is my new favorite Iced Vanilla Matcha! #icedmatcha #matchalatte
346,I love Matcha Lemonade! #icedmatcha #matchalover
347,Disappointed with Matcha Cold Foam! #matchareview #matcha
348,I love Matcha Lemonade! #icedmatcha #matchareview
349,Just had Matcha Lemonade! #matchalover #icedmatcha
350,Wouldn't recommend Strawberry Matcha Latte! #icedmatcha #matchalover
351,This is my new favorite Matcha Cold Foam! #matchalover #matchalatte
352,I love Matcha Cold Foam! #icedmatcha #matchareview
353,This didn’t work for me Matcha Lemonade! #matchalover #icedmatcha
354,Tried Matcha Latte! #icedmatcha #matcha
355,Wouldn't recommend Strawberry Matcha Latte! #icedmatcha #matcha
356,This is my new favorite Matcha Cold Foam! #matchalover #matchareview
357,Delicious and perfect for summer Iced Vanilla Matcha! #matcha #matchareview
358,Highly recommend Iced Vanilla Matcha! #matchalover #matchareview
359,This is my new favorite Matcha Lemonade! #icedmatcha #matcha
360,I love Mango Coconut Matcha! #matchalover #matcha
361,Disappointed with Matcha Latte! #matchalatte #matchareview
362,Absolutely obsessed with Matcha Lemonade! #matcha #icedmatcha
363,So refreshing! Honey Lavender Matcha! #icedmatcha #matchareview
364,Delicious and perfect for summer Honey Lavender Matcha! #matcha #matchareview
365,Wouldn't recommend Matcha Lemonade! #matcha #matchalatte
366,Delicious and perfect for summer Iced Vanilla Matcha! #matchalover #matchareview
367,So refreshing! Matcha Latte! #icedmatcha #matchalover
368,Disappointed with Strawberry Matcha Latte! #matchareview #icedmatcha
369,So refreshing! Iced Vanilla Matcha! #icedmatcha #matchareview
370,I love Mango Coconut Matcha! #icedmatcha #matchareview
371,Wouldn't recommend Matcha Cold Foam! #matchalatte #matchareview
372,Highly recommend Honey Lavender Matcha! #matchalatte #icedmatcha
373,So refreshing! Matcha Latte! #icedmatcha #matchalover
374,I love Strawberry Matcha Latte! #matchareview #matchalover
375,Disappointed with Matcha Latte! #matchalatte #matchalover
376,Absolutely obsessed with Matcha Latte! #icedmatcha #matchalatte
377,Highly recommend Iced Vanilla Matcha! #matchalatte #matchalover
378,Absolutely obsessed with Mango Coconut Matcha! #matcha #matchalover
379,Highly recommend Honey Lavender Matcha! #matchareview #matchalover
380,Delicious and perfect for summer Honey Lavender Matcha! #icedmatcha #matchalatte
381,Absolutely obsessed with Honey Lavender Matcha! #icedmatcha #matcha
382,Highly recommend Matcha Latte! #matcha #matchalover
383,So refreshing! Matcha Lemonade! #icedmatcha #matchalatte
384,This is my new favorite Matcha Latte! #matchareview #matchalover
385,I love Honey Lavender Matcha! #matchareview #matchalover
386,This is my new favorite Strawberry Matcha Latte! #matchalover #icedmatcha
387,Too sweet for me Honey Lavender Matcha! #matchalover #matchalatte
388,This is my new favorite Honey Lavender Matcha! #matcha #icedmatcha
389,Absolutely obsessed with Matcha Latte! #matchalatte #matcha
390,Wouldn't recommend Matcha Cold Foam! #matchalover #matcha
391,Not a fan of Matcha Latte! #matchalatte #matcha
392,So refreshing! Strawberry Matcha Latte! #matchalover #icedmatcha
393,Delicious and perfect for summer Matcha Latte! #matchalatte #matcha
394,Just had Matcha Latte! #matcha #icedmatcha
395,Anyone else tried Honey Lavender Matcha! #matchalatte #matchalover
396,Absolutely obsessed with Matcha Lemonade! #matcha #matchareview
397,I love Iced Vanilla Matcha! #icedmatcha #matcha
398,Absolutely obsessed with Matcha Cold Foam! #matchalatte #icedmatcha
399,Absolutely obsessed with Iced Vanilla Matcha! #icedmatcha #matchalatte
400,This is my new favorite Matcha Latte! #matchalatte #matchareview
401,Wouldn't recommend Honey Lavender Matcha! #matchalatte #matchalover
402,This didn’t work for me Iced Vanilla Matcha! #icedmatcha #matchareview
403,Highly recommend Matcha Lemonade! #matcha #icedmatcha
404,Absolutely obsessed with Matcha Cold Foam! #icedmatcha #matchalover
405,So refreshing! Iced Vanilla Matcha! #matchalover #matchareview
406,This is my new favorite Iced Vanilla Matcha! #icedmatcha #matchalatte
407,Delicious and perfect for summer Matcha Latte! #icedmatcha #matchalatte
408,Absolutely obsessed with Iced Vanilla Matcha! #matchalover #matchareview
409,Wouldn't recommend Matcha Cold Foam! #matchareview #matchalover
410,Wouldn't recommend Honey Lavender Matcha! #matchalatte #matchalover
411,I love Matcha Latte! #matchareview #matchalatte
412,Too sweet for me Mango Coconut Matcha! #matchalover #matchareview
413,Absolutely obsessed with Strawberry Matcha Latte! #matchareview #matchalover
414,Tried Matcha Lemonade! #matchareview #icedmatcha
415,Delicious and perfect for summer Matcha Lemonade! #matchareview #matchalover
416,This is my new favorite Mango Coconut Matcha! #matchareview #matchalover
417,Absolutely obsessed with Mango Coconut Matcha! #icedmatcha #matchalatte
418,Absolutely obsessed with Honey Lavender Matcha! #icedmatcha #matcha
419,Disappointed with Matcha Latte! #matcha #matchalover
420,I love Matcha Latte! #matchareview #matchalover
421,Just had Mango Coconut Matcha! #icedmatcha #matchalover
422,Highly recommend Matcha Latte! #matchareview #matchalover
423,Absolutely obsessed with Matcha Lemonade! #matcha #icedmatcha
424,Highly recommend Matcha Cold Foam! #matcha #matchareview
425,Too sweet for me Matcha Lemonade! #matchalover #icedmatcha
426,Highly recommend Matcha Cold Foam! #matchalover #icedmatcha
427,This is my new favorite Matcha Latte! #matchalover #icedmatcha
428,Not a fan of Iced Vanilla Matcha! #matchalover #icedmatcha
429,This is my new favorite Mango Coconut Matcha! #icedmatcha #matcha
430,Wouldn't recommend Honey Lavender Matcha! #matchareview #icedmatcha
431,I love Iced Vanilla Matcha! #matcha #icedmatcha
432,Disappointed with Mango Coconut Matcha! #matchareview #matchalatte
433,Absolutely obsessed with Mango Coconut Matcha! #matchareview #icedmatcha
434,Not a fan of Iced Vanilla Matcha! #icedmatcha #matchalatte
435,Disappointed with Iced Vanilla Matcha! #matcha #icedmatcha
436,Got the Matcha Latte! #matcha #matchalatte
437,Delicious and perfect for summer Honey Lavender Matcha! #matchareview #matchalatte
438,Just had Iced Vanilla Matcha! #matchalover #icedmatcha
439,Just had Iced Vanilla Matcha! #matchalatte #matchareview
440,Anyone else tried Matcha Latte! #matchareview #matchalatte
441,Thinking about ordering Matcha Lemonade! #icedmatcha #matcha
442,Delicious and perfect for summer Strawberry Matcha Latte! #icedmatcha #matcha
443,Delicious and perfect for summer Iced Vanilla Matcha! #icedmatcha #matchalatte
444,Delicious and perfect for summer Mango Coconut Matcha! #matchalover #matcha
445,I love Matcha Cold Foam! #matchareview #matchalatte
446,Tried Matcha Cold Foam! #matchalatte #matcha
447,Disappointed with Honey Lavender Matcha! #icedmatcha #matchareview
448,Wouldn't recommend Mango Coconut Matcha! #matchalatte #matchalover
449,This didn’t work for me Strawberry Matcha Latte! #matchalover #matchalatte
450,So refreshing! Matcha Lemonade! #matcha #matchareview
451,Delicious and perfect for summer Matcha Lemonade! #matchareview #matchalover
452,Got the Honey Lavender Matcha! #matcha #icedmatcha
453,This is my new favorite Matcha Cold Foam! #matchareview #icedmatcha
454,Highly recommend Matcha Latte! #matchareview #matchalatte
455,I love Iced Vanilla Matcha! #matchareview #icedmatcha
456,Delicious and perfect for summer Matcha Cold Foam! #matchalatte #matchareview
457,Delicious and perfect for summer Iced Vanilla Matcha! #matchalover #matcha
458,Too sweet for me Honey Lavender Matcha! #matcha #icedmatcha
459,So refreshing! Matcha Latte! #matchalatte #matchalover
460,I love Matcha Cold Foam! #matchareview #matchalover
461,Thinking about ordering Honey Lavender Matcha! #matchareview #icedmatcha
462,Got the Honey Lavender Matcha! #matchareview #matcha
463,I love Matcha Lemonade! #icedmatcha #matchalover
464,So refreshing! Matcha Latte! #matchareview #matchalatte
465,Thinking about ordering Honey Lavender Matcha! #matchareview #matchalover
466,Wouldn't recommend Mango Coconut Matcha! #matchareview #icedmatcha
467,I love Mango Coconut Matcha! #matchalatte #matchareview
468,Too sweet for me Matcha Cold Foam! #icedmatcha #matchalatte
469,This didn’t work for me Matcha Lemonade! #icedmatcha #matchalatte
470,Delicious and perfect for summer Strawberry Matcha Latte! #icedmatcha #matchareview
471,Anyone else tried Matcha Lemonade! #matchalover #matchalatte
472,This is my new favorite Matcha Latte! #matchareview #matchalatte
473,Anyone else tried Matcha Cold Foam! #matchalover #matcha
474,Delicious and perfect for summer Strawberry Matcha Latte! #matchareview #matchalover
475,Disappointed with Matcha Cold Foam! #matchalover #matchareview
476,I love Strawberry Matcha Latte! #matchareview #matcha
477,Delicious and perfect for summer Iced Vanilla Matcha! #matchareview #matchalover
478,This is my new favorite Matcha Lemonade! #matcha #matchalatte
479,This didn’t work for me Strawberry Matcha Latte! #icedmatcha #matcha
480,Highly recommend Mango Coconut Matcha! #matchareview #matchalatte
481,Absolutely obsessed with Honey Lavender Matcha! #matchareview #matchalover
482,Wouldn't recommend Matcha Latte! #icedmatcha #matchareview
483,Too sweet for me Strawberry Matcha Latte! #matchalatte #matchareview
484,This is my new favorite Matcha Lemonade! #matchalover #matcha
485,Highly recommend Iced Vanilla Matcha! #matchalover #matcha
486,Got the Matcha Latte! #matchalatte #matchalover
487,This is my new favorite Matcha Cold Foam! #matchalover #matcha
488,So refreshing! Iced Vanilla Matcha! #matcha #matchareview
489,So refreshing! Matcha Latte! #matchareview #icedmatcha
490,Delicious and perfect for summer Matcha Latte! #matchalatte #matcha
491,Just had Matcha Latte! #matchareview #icedmatcha
492,Delicious and perfect for summer Honey Lavender Matcha! #matcha #matchalover
493,Just had Strawberry Matcha Latte! #icedmatcha #matchalatte
494,Tried Matcha Latte! #matchalatte #matchalover
495,Highly recommend Mango Coconut Matcha! #matchalover #matcha
496,This didn’t work for me Mango Coconut Matcha! #matcha #matchalover
497,Highly recommend Mango Coconut Matcha! #matchareview #icedmatcha
498,Not a fan of Matcha Cold Foam! #matchalatte #matchalover
499,Disappointed with Iced Vanilla Matcha! #matchareview #matcha
500,This is my new favorite Mango Coconut Matcha! #matchalatte #matcha
